,frequency_mhz
10907,118.1
10907,342.5
12490,125.8
12490,117.0
12490,121.7
12490,118.1
13026,131.9
13026,119.3
13026,128.3
13026,119.3
13026,121.9
13026,129.0
13026,125.0
13026,118.3
13073,118.775
13073,118.0
13073,136.8
13073,120.125
18604,118.3
18604,118.3
18604,120.5
18604,128.0
18604,124.1
18604,133.65
18604,122.5
18604,121.7
18604,122.95
18604,123.0
18604,118.3
18659,118.7
18659,121.0
18659,123.95
18659,118.7
18659,121.9
18659,123.275
18659,122.125
18659,118.4
18700,126.7
18700,127.5
18700,122.675
18700,121.7
18700,119.6
18700,119.6
18700,119.6
18734,135.15
18734,121.15
18734,132.95
18734,119.4
18734,128.175
18734,121.9
18734,123.15
18734,127.7
18734,118.8
18825,122.075
18825,118.9
18825,126.9
18825,127.5
18825,133.7
18825,125.6
18825,118.9
18825,121.9
18825,123.55
18825,119.9
18825,134.15
18839,128.6
18839,124.6
18839,121.4
18839,126.125
18839,121.7
18839,123.15
18839,23.66
18839,118.7
18844,119.5
18844,120.2
18844,121.3
18844,119.9
18844,121.9
18844,131.4
18844,308.8
18844,34.46
18844,118.3
18844,125.4
18844,121.0
18868,132.7
18868,119.4
18868,119.8
18868,121.8
18868,122.5
18868,119.4
18869,125.25
18869,121.9
18869,118.3
18869,132.1
18869,123.275
18869,118.3
18869,236.6
18869,118.3
18872,123.85
18872,125.9
18872,126.525
18872,128.225
18872,120.825
18872,119.8
18872,121.9
18872,125.35
18872,124.525
18872,133.3
18872,123.375
18872,121.3
18872,129.7
18872,118.4
18872,118.875
18872,236.6
18872,119.4
18878,125.95
18878,118.8
18878,126.4
18878,133.85
18878,121.9
18878,119.7
18878,349.3
18878,122.85
18878,122.95
18878,119.7
18878,122.375
18878,127.8
18878,119.1
18878,119.7
18885,128.0
18885,133.15
18885,123.0
18885,121.9
18885,123.275
18885,120.6
18889,122.07
18889,122.27
18889,124.475
18889,112.15
18889,121.3
18889,127.575
18889,128.8
18889,119.1
18889,121.65
18889,121.9
18889,131.17
18889,123.275
18889,122.075
18889,118.35
18889,118.7
18889,119.3
18892,118.5
18892,128.4
18892,135.8
18892,122.5
18892,121.9
18892,118.5
19182,118.9
19184,121.4
19184,127.3
19184,121.8
19184,118.7
19798,120.3
19798,118.1
19798,118.1
19813,119.5
19813,121.9
19813,119.1
19913,127.9
19913,127.05
19913,121.9
19913,118.6
19933,124.1
19933,123.6
19933,118.1
19936,120.9
19936,127.3
19936,124.3
19936,123.8
19936,118.1
19964,131.3
19964,565.2
19964,119.7
19985,121.2
19985,118.675
19985,121.9
19985,118.1
20057,118.25
20057,121.75
20057,132.475
20057,121.95
20057,126.63
20057,118.05
20057,121.875
20057,140.575
20057,118.6
20057,120.775
20057,130.55
20113,119.275
20113,126.25
20113,121.8
20113,121.925
20113,129.25
20308,125.8
20308,125.625
20308,118.88
20308,121.98
20308,121.755
20308,122.93
20310,118.45
20310,127.275
20310,119.15
20310,118.03
20310,118.73
20310,121.9
20310,124.2
20310,121.8
20310,121.7
20310,119.9
20310,136.5
20311,123.525
20311,127.175
20311,121.875
20311,129.3
20311,129.8
20312,125.1
20312,123.125
20312,118.2
20312,121.8
20312,134.25
20312,121.7
20312,126.85
20313,112.15
20313,132.13
20313,121.85
20313,121.05
20313,121.725
20313,129.875
20313,121.95
20313,136.25
20313,118.75
20313,124.975
20314,128.55
20314,128.65
20314,123.78
20314,121.775
20314,121.9
20314,129.875
20314,135.225
20314,118.3
20315,123.9
20315,120.775
20315,123.13
20315,121.725
20315,118.825
20315,119.4
20315,120.65
20315,131.225
20315,121.7
20315,121.775
20315,121.925
20315,118.7
20316,119.475
20316,123.075
20316,118.1
20316,129.525
20316,118.3
20317,124.175
20317,123.95
20317,121.8
20317,125.8
20317,121.1
20319,126.13
20319,121.9
20319,119.85
20319,118.605
20319,128.95
20319,136.825
20319,31.8
20319,119.2
20319,121.7
20319,118.805
20321,119.825
20321,119.6
20321,132.125
20321,121.95
20321,131.325
20321,120.175
20322,125.1
20322,124.8
20322,117.45
20322,121.75
20322,120.325
20437,129.875
20437,125.225
20437,125.125
20437,121.825
20437,134.175
20578,124.1
20578,119.45
20578,121.275
20578,121.825
20578,128.95
20578,124.0
20727,127.9
20727,124.875
20727,120.6
20749,119.1
20749,129.85
20749,114.2
20749,135.075
20749,118.125
20749,121.8
20749,125.1
20749,121.65
20749,118.6
20749,118.85
20867,128.5
20867,128.2
20867,121.75
20867,110.9
20867,109.9
20867,26.48
20867,120.9
20867,118.3
20876,118.05
20876,136.02
20876,121.8
20876,118.3
20896,135.0
20896,128.175
20896,121.7
20896,121.85
20896,118.625
20896,119.4
20905,126.225
20905,134.95
20905,121.6
20905,110.95
20905,126.225
20905,128.775
20947,119.15
20947,125.85
20947,132.475
20947,133.6
20947,133.1
20950,126.025
20950,121.925
20950,136.075
20950,133.85
20951,119.85
20951,124.325
20951,121.95
20951,126.35
20952,129.55
20952,120.575
20952,121.75
20952,132.55
20961,128.85
20961,113.35
20961,121.775
20961,130.65
20961,118.2
20983,126.825
20983,136.525
20983,121.955
20983,118.95
20983,121.805
20983,124.3
20994,113.75
20994,115.1
20994,121.935
20994,128.075
20994,121.975
20994,119.725
20994,120.4
20994,127.525
20994,134.975
20994,121.7
20994,121.85
20994,121.9
20994,118.5
20994,118.7
20994,124.475
21020,123.38
21020,134.58
21020,118.025
21020,121.805
21020,110.9
21020,120.305
21025,124.375
21025,118.375
21025,121.725
21025,111.5
21025,119.7
21029,134.175
21029,122.675
21029,121.6
21029,121.9
21029,124.0
21044,120.35
21044,119.1
21044,129.575
21044,121.705
21044,118.805
21046,121.2
21046,131.35
21046,121.75
21046,118.7
21081,120.625
21081,127.175
21081,121.95
21081,136.2
21081,121.725
21081,136.2
21081,123.8
21092,128.975
21092,119.325
21092,123.57
21092,119.8
21175,119.055
21175,118.405
21175,132.98
21175,121.98
21175,121.705
21175,119.23
21182,123.18
21182,126.03
21182,124.53
21182,121.93
21182,131.005
21225,119.9
21225,120.925
21225,121.85
21225,119.3
21231,121.1
21231,124.525
21231,121.875
21231,121.8
21231,118.5
21231,118.6
21254,120.2
21254,130.95
21254,121.8
21254,118.7
21273,127.575
21273,118.775
21273,122.075
21273,130.85
21273,131.5
21273,119.0
21276,118.45
21276,119.8
21276,120.2
21276,122.75
21276,122.85
21276,119.9
21276,120.25
21276,124.975
21276,121.625
21276,121.725
21276,121.9
21276,118.1
21276,118.575
21276,118.7
21276,119.35
21276,121.825
21355,123.975
21355,120.475
21355,131.55
21355,118.3
21357,118.9
21357,135.55
21357,118.1
21376,119.7
21376,123.9
21376,118.1
21377,121.0
21377,125.0
21377,125.25
21377,118.85
21377,121.9
21377,119.1
21400,119.975
21400,126.125
21400,121.6
21400,131.35
21400,121.925
21400,131.975
21400,29.38
21400,134.175
21400,118.3
21474,123.75
21474,126.125
21474,118.3
21482,118.6
21482,127.55
21482,121.6
21482,119.4
21513,119.6
21513,118.5
21513,126.0
21513,121.75
21513,118.35
21523,128.5
21523,131.0
21532,127.275
21532,129.625
21532,118.1
21553,121.075
21553,126.125
21553,123.8
21553,118.1
21553,123.25
21561,121.075
21561,131.45
21561,129.25
21593,127.225
21593,124.7
21593,119.975
21603,121.255
21617,128.8
21617,120.45
21617,121.6
21617,129.375
21617,121.9
21617,118.3
21619,127.225
21956,118.375
21956,121.9
21956,124.68
21956,118.6
22006,135.9
22006,129.275
22006,118.8
22045,125.45
22045,122.6
22045,128.2
22051,123.75
22051,119.0
22051,121.825
22051,121.7
22051,122.6
22051,118.5
22187,129.925
22187,121.2
22187,118.8
22187,131.6
22187,118.1
22230,120.7
22230,125.8
22230,118.2
22383,122.65
22383,119.7
22383,124.5
22383,127.0
22383,127.6
22383,121.9
22383,118.1
22429,128.2
22429,122.65
22429,118.9
22499,125.75
22499,127.0
22499,118.45
22499,121.65
22499,115.6
22550,123.7
22550,124.5
22550,126.2
22550,121.7
22550,121.9
22550,122.65
22550,118.1
22550,118.6
22722,128.2
22722,121.9
22722,118.3
22900,128.0
22900,121.8
22900,118.55
22960,347.6
22960,119.1
22960,126.2
22960,118.1
23165,121.3
23165,118.1
23215,347.6
23215,119.4
23215,126.8
23215,121.9
23215,118.4
23222,120.1
23306,129.5
23306,119.1
23306,121.9
23306,118.1
23375,121.3
23375,127.7
23375,121.7
23375,118.1
23882,119.7
23882,118.3
23903,119.7
23903,128.1
23903,118.1
23949,119.1
23949,113.1
23949,127.3
23949,118.1
24149,120.5
24149,114.1
24149,121.9
24149,118.1
24152,128.1
24152,119.7
24152,121.9
24152,118.1
24531,667.3
24531,119.1
24531,118.3
25586,121.3
25586,121.9
25586,118.3
25587,129.3
25587,118.65
25587,121.7
25587,118.5
25594,120.9
25594,118.6
25594,121.7
25594,118.3
25595,129.3
25595,118.625
25595,121.8
25595,120.7
25596,120.3
25596,118.675
25596,121.75
25596,121.9
25596,119.0
25598,119.7
25598,118.575
25598,121.7
25598,118.7
25667,667.3
25667,119.1
25667,121.9
25667,118.1
25709,345.2
25709,124.5
25709,121.9
25709,118.3
25738,119.9
25738,121.3
25738,126.3
25738,118.5
25757,120.5
25757,126.2
25757,126.6
25757,118.8
25788,127.7
25788,126.6
25788,121.7
25788,118.4
25902,345.2
25902,126.4
25902,127.6
25902,119.7
25944,119.7
25944,128.5
25944,118.5
25944,125.2
25944,121.9
25944,118.1
25944,125.1
26071,119.05
26071,122.6
26071,121.9
26071,126.2
26071,120.1
26071,11.3
26071,118.1
26071,124.6
26076,123.4
26076,121.9
26076,585.9
26076,119.6
26091,121.1
26091,121.9
26091,317.5
26091,118.9
26142,11.3
26142,118.4
26242,122.3
26242,126.2
26242,121.6
26242,118.7
26265,120.3
26265,121.6
26265,121.7
26265,118.6
26322,127.0
26322,124.0
26322,120.9
26322,120.1
26322,118.1
26377,124.3
26377,128.7
26377,121.7
26377,118.3
26420,124.7
26420,121.9
26420,125.4
26420,127.3
26420,119.2
26454,119.3
26454,119.6
26454,118.3
26510,121.2
26510,121.2
26570,126.6
26570,128.5
26570,118.1
32021,122.7
32042,118.525
32042,124.2
32042,122.8
32294,123.9
32294,118.0
32294,119.2
32294,123.9
32294,121.9
32294,120.3
32294,123.775
32294,122.95
32303,118.525
32303,124.85
32303,34.5
32303,122.6
32303,123.0
32313,119.3
32313,113.1
32313,127.55
32313,125.65
32313,121.8
32313,143.8
32313,34.46
32313,141.55
32313,139.3
32313,118.4
32326,118.1
32326,126.925
32326,126.925
32326,128.725
32326,132.65
32326,120.825
32330,119.15
32330,132.75
32330,118.7
32330,121.9
32330,118.7
32330,122.95
32363,121.15
32363,118.85
32363,121.65
32363,118.3
32363,121.9
32363,122.65
32363,118.3
32363,122.95
32416,118.35
32416,119.65
32416,118.1
32416,125.0
32416,121.65
32416,116.9
32416,30.697
32416,119.1
32416,122.95
32425,118.8
32425,128.875
32425,124.4
32425,125.5
32425,121.7
32425,36.8
32425,122.55
32425,121.0
32425,122.95
32453,25.602
32453,125.4
32453,27.35
32453,125.4
32453,121.6
32453,138.5
32453,23.98
32453,32.1
32453,140.875
32453,119.4
32454,119.9
32454,37.58
32454,121.8
32454,37.362
32454,31.1
32454,37.22
32454,128.25
32471,32.58
32471,123.95
32471,118.15
32471,121.75
32471,35.9
32471,123.95
32471,121.9
32471,41.9
32471,138.55
32471,122.3
32471,120.3
32471,122.95
32496,118.925
32496,127.75
32496,127.75
32496,135.9
32496,121.9
32496,41.2
32496,31.1
32496,122.2
32496,120.7
32496,122.95
32501,123.8
32501,119.4
32501,125.675
32501,121.7
32501,38.7
32501,28.73
32501,122.2
32501,119.9
32501,122.95
32507,119.2
32507,126.3
32507,121.9
32507,121.9
32507,122.55
32507,124.2
32507,122.95
32529,125.2
32529,138.55
32529,128.7
32529,121.75
32529,119.2
32529,23.98
32529,130.65
32529,139.85
32529,118.65
32529,122.95
32533,118.05
32533,135.35
32533,135.35
32533,124.6
32533,121.65
32533,108.2
32533,124.6
32533,122.95
32537,120.6
32537,135.1
32537,126.05
32537,118.4
32537,121.9
32537,138.1
32537,32.29
32537,122.2
32537,118.6
32537,122.95
32542,119.6
32542,123.9
32542,125.9
32542,128.05
32542,121.7
32542,29.87
32542,41.5
32542,122.2
32542,118.1
32542,122.95
32543,118.25
32543,135.0
32543,121.65
32543,133.0
32543,121.9
32543,134.05
32543,122.4
32543,124.725
32543,122.95
32569,126.15
32569,135.35
32569,124.7
32569,133.2
32569,122.6
32569,120.5
32583,119.0
32583,115.1
32583,118.05
32583,126.75
32583,121.9
32583,122.2
32583,119.4
32583,122.95
32622,124.15
32622,120.15
32622,119.75
32622,121.9
32622,122.65
32622,119.5
32622,122.95
32632,126.075
32632,115.2
32632,33.86
32632,132.05
32632,121.9
32632,25.21
32632,34.46
32632,37.6
32632,128.65
32670,119.2
32670,122.5
32670,119.85
32670,120.95
32670,118.3
32670,119.2
32670,121.7
32670,41.5
32670,118.3
32670,122.95
32677,30.692
32677,119.3
32677,124.75
32677,118.0
32677,120.7
32677,121.9
32677,34.46
32677,134.1
32677,37.22
32677,122.2
32677,126.0
32677,122.95
32681,119.7
32681,134.05
32681,124.15
32681,125.45
32681,118.7
32681,121.6
32681,122.55
32681,118.7
32681,122.95
32698,119.625
32698,127.85
32698,125.05
32698,118.15
32698,121.7
32698,122.2
32698,129.17
32698,120.9
32698,122.95
32705,120.05
32705,121.15
32705,127.15
32705,121.8
32705,29.22
32705,122.4
32705,118.1
32705,122.95
32707,124.7
32707,126.025
32707,121.8
32707,128.2
32707,121.8
32707,128.2
32708,33.822
32708,118.2
32708,124.6
32708,126.3
32708,121.9
32708,122.2
32708,132.7
32708,122.95
32731,118.5
32731,125.0
32731,134.45
32731,124.15
32731,124.0
32731,121.7
32731,29.84
32731,34.92
32731,122.85
32731,122.25
32731,119.9
32731,122.95
32752,120.9
32752,126.8
32752,118.55
32752,121.9
32752,122.65
32752,119.4
32752,122.95
32756,128.5
32756,127.6
32756,118.55
32756,121.8
32756,30.23
32756,122.2
32756,125.7
32756,122.95
32775,119.7
32775,134.375
32775,127.175
32775,126.65
32775,121.3
32775,117.3
32775,118.3
32775,122.95
32834,124.3
32834,120.15
32834,127.9
32834,118.55
32834,121.75
32834,122.3
32834,118.7
32834,122.95
32837,118.0
32837,125.8
32837,121.75
32837,121.9
32837,122.2
32837,119.9
32837,122.95
32840,118.3
32840,132.65
32840,128.25
32840,118.95
32840,121.7
32840,119.1
32840,122.95
32849,119.3
32849,125.6
32849,118.75
32849,126.1
32849,121.85
32849,123.65
32849,124.3
32849,122.95
32854,28.465
32854,119.875
32854,123.775
32854,128.25
32854,31.985
32854,118.55
32854,121.65
32854,124.15
32854,122.95
32866,119.6
32866,114.4
32866,120.5
32866,119.6
32866,138.75
32866,35.46
32866,37.22
32866,125.2
32867,125.45
32867,124.1
32867,121.9
32867,28.89
32867,28.89
32867,122.35
32867,118.3
32867,122.95
32881,132.425
32881,135.05
32881,125.55
32881,32.3
32881,118.875
32881,34.2
32881,134.1
32881,134.1
32881,111.4
32881,126.35
32902,118.575
32902,133.675
32902,120.65
32902,118.575
32902,119.25
32902,115.7
32902,118.4
32902,122.95
32927,125.0
32927,38.57
32927,118.35
32927,38.325
32927,31.1
32927,34.94
32927,139.3
32927,133.0
33299,132.75
33299,26.99
33299,121.8
33299,135.825
33299,34.24
33299,30.4
33299,37.22
33299,120.7
33344,118.075
33344,115.4
33344,22.54
33344,120.525
33344,121.8
33344,34.255
33344,37.22
33344,124.05
33356,121.0
33356,120.35
33356,126.8
33356,118.1
33356,121.9
33356,109.4
33356,118.1
33356,122.95
33381,127.6
33381,115.7
33381,118.85
33381,119.2
33381,121.8
33381,118.3
33381,122.95
33468,118.85
33468,124.475
33468,121.8
33468,34.46
33468,34.94
33468,122.85
33468,126.9
33484,125.8
33484,124.5
33484,134.55
33484,121.9
33484,122.3
33484,134.55
33484,122.95
33485,118.1
33485,135.0
33485,128.4
33485,119.7
33485,121.4
33485,119.3
33485,122.95
33520,35.357
33520,120.175
33520,126.3
33520,133.85
33520,118.3
33520,120.9
33520,121.9
33520,122.2
33520,118.3
33520,122.95
33528,118.1
33528,120.7
33528,124.65
33528,121.9
33528,122.6
33528,118.3
33528,122.95
33533,127.2
33533,121.25
33533,124.75
33533,121.9
33533,138.4
33533,122.2
33533,119.1
33533,122.95
33614,123.75
33614,124.325
33614,127.55
33614,121.9
33614,38.75
33614,122.2
33614,118.3
33614,122.95
33661,124.6
33661,119.45
33661,123.7
33661,120.4
33661,37.78
33661,109.0
33661,123.7
33661,122.95
33664,119.4
33664,124.1
33664,121.75
33664,118.7
33664,126.55
33664,121.9
33664,122.2
33664,118.7
33664,122.95
33673,119.7
33673,31.762
33673,128.025
33673,119.7
33673,138.1
33673,37.61
33673,32.392
33673,31.1
33673,31.1
33673,37.22
33673,126.25
33675,118.5
33675,128.55
33675,121.75
33675,121.9
33675,119.1
33675,122.95
33676,120.6
33676,134.25
33676,120.1
33676,121.9
33676,120.1
33676,122.95
33686,121.05
33686,108.45
33686,120.0
33686,121.05
33686,128.425
33686,34.46
33686,37.22
33686,133.7
33767,125.45
33767,126.425
33767,127.4
33767,122.6
33767,123.0
33787,22.93
33787,120.6
33787,27.35
33787,126.7
33787,126.9
33787,128.1
33787,127.05
33787,34.655
33787,38.13
33787,37.22
33787,119.3
33801,120.05
33801,124.6
33801,125.45
33801,28.4
33801,119.7
33801,121.9
33801,122.35
33801,118.7
33801,122.95
33825,118.05
33825,121.25
33825,120.35
33825,127.6
33825,118.05
33825,121.9
33825,122.2
33825,127.6
33825,122.95
33829,119.75
33829,125.2
33829,118.05
33829,121.9
33829,122.2
33829,118.5
33829,122.95
33896,120.45
33896,134.85
33896,135.7
33896,125.05
33896,121.9
33896,113.5
33896,129.55
33896,120.1
33896,122.95
33898,120.05
33898,124.05
33898,128.1
33898,28.14
33898,119.7
33898,118.575
33898,122.4
33898,29.02
33898,120.725
33898,122.95
33933,119.3
33933,134.25
33933,128.75
33933,119.05
33933,121.8
33933,122.55
33933,120.9
33933,122.95
33971,123.9
33971,121.05
33971,120.9
33971,121.7
33971,26.46
33971,122.2
33971,120.9
33971,122.95
33974,118.0
33974,125.85
33974,119.5
33974,121.9
33974,25.125
33974,27.39
33974,25.125
33974,118.3
33974,122.95
33982,125.7
33982,127.4
33982,132.4
33982,115.1
33982,135.05
33982,135.9
33982,121.65
33982,121.9
33982,115.9
33982,119.1
33982,123.9
33982,122.95
33990,120.85
33990,128.6
33990,119.8
33990,121.6
33990,122.6
33990,119.8
33990,122.95
34074,126.45
34074,122.45
34074,122.8
34096,125.025
34096,132.4
34096,118.0
34096,125.02
34096,121.1
34096,119.9
34096,122.95
34098,36.07
34098,124.3
34098,133.8
34098,121.4
34098,124.3
34098,121.65
34098,34.5
34098,898.4
34098,37.22
34098,119.8
34098,122.95
34099,119.2
34099,125.3
34099,125.8
34099,119.2
34099,121.9
34099,122.55
34099,120.5
34099,122.95
34119,120.15
34119,126.3
34119,132.35
34119,121.9
34119,119.1
34119,122.95
34120,124.9
34120,27.01
34120,118.85
34120,121.7
34120,123.375
34120,23.98
34120,25.125
34120,141.75
34120,125.0
34122,121.1
34122,134.05
34122,125.55
34122,118.5
34122,121.8
34122,122.35
34122,118.5
34122,122.95
34123,118.0
34123,132.7
34123,125.95
34123,121.875
34123,120.4
34123,121.7
34123,118.7
34123,122.95
34138,119.5
34138,125.65
34138,118.95
34138,121.9
34138,122.2
34138,118.7
34138,122.95
34188,120.7
34188,134.925
34188,126.25
34188,133.175
34188,26.74
34188,34.94
34188,37.22
34188,119.1
34294,120.95
34294,118.6
34294,121.85
34294,120.1
34294,121.7
34294,122.2
34294,120.1
34294,122.95
34301,124.95
34301,133.825
34301,119.65
34301,118.575
34301,34.46
34301,138.95
34301,37.22
34301,123.7
34302,120.95
34302,126.625
34302,135.7
34302,124.7
34302,121.65
34302,122.65
34302,125.75
34302,122.95
34305,119.4
34305,121.25
34305,134.7
34305,121.8
34305,41.5
34305,122.1
34305,122.2
34305,118.45
34305,122.95
34316,118.4
34316,132.75
34316,132.75
34316,121.85
34316,121.65
34316,118.7
34316,122.95
34321,33.83
34321,119.1
34321,127.75
34321,125.2
34321,124.15
34321,121.65
34321,138.95
34321,122.2
34321,118.3
34321,122.95
34333,121.0
34333,26.95
34333,125.3
34333,34.02
34333,47.0
34333,27.475
34333,37.952
34333,139.3
34333,120.75
34336,118.85
34336,120.675
34336,118.3
34336,119.7
34336,121.7
34336,38.2
34336,27.68
34336,122.2
34336,122.85
34336,119.7
34336,122.95
34348,120.5
34348,119.15
34348,120.35
34348,119.45
34348,121.8
34348,118.3
34348,123.0
34361,118.0
34361,126.4
34361,148.35
34361,120.8
34361,119.65
34361,121.8
34361,32.1
34361,31.42
34361,37.61
34361,37.61
34361,122.4
34361,119.1
34361,122.95
34376,118.2
34376,121.2
34376,123.95
34376,119.4
34376,121.9
34376,122.6
34376,119.4
34376,122.95
34381,118.15
34381,125.05
34381,121.65
34381,118.9
34381,121.9
34381,122.25
34381,118.9
34381,122.95
34402,118.5
34402,124.75
34402,119.85
34402,118.3
34402,121.9
34402,41.05
34402,34.5
34402,122.2
34402,118.3
34402,122.95
34435,118.72
34435,120.8
34435,133.2
34435,132.975
34435,121.8
34435,28.267
34435,31.12
34435,25.21
34435,28.267
34435,122.3
34435,123.675
34435,122.95
34438,123.85
34438,127.55
34438,127.2
34438,121.9
34438,119.5
34438,122.95
34451,124.8
34451,27.35
34451,127.1
34451,37.12
34451,120.5
34451,34.25
34451,38.13
34451,138.9
34451,122.6
34451,133.85
34584,124.7
34584,118.8
34584,118.0
34584,125.55
34584,121.9
34584,124.7
34584,120.7
34584,33.79
34584,122.6
34584,122.2
34584,119.3
34584,119.3
34627,31.76
34627,125.35
34627,133.775
34627,121.1
34627,120.9
34627,121.75
34627,122.0
34627,118.3
34627,122.95
34655,120.45
34655,125.85
34655,124.35
34655,121.9
34655,22.56
34655,119.35
34674,120.1
34674,120.4
34674,119.9
34674,121.9
34674,116.3
34674,122.35
34674,132.1
34674,122.95
34683,119.65
34683,124.25
34683,118.1
34683,121.9
34683,120.6
34697,119.0
34697,135.4
34697,135.4
34697,121.6
34697,125.0
34697,121.675
34697,126.2
34697,126.9
34697,122.95
34699,28.83
34699,118.9
34699,127.15
34699,118.5
34699,125.2
34699,121.9
34699,116.9
34699,120.8
34842,119.1
34842,25.44
34842,118.05
34842,121.9
34842,29.062
34842,38.13
34842,139.9
34842,133.95
34849,124.6
34849,119.975
34849,123.75
34849,121.6
34849,127.35
34849,121.9
34849,122.4
34849,119.1
34849,122.95
34859,124.35
34859,29.92
34859,118.1
34859,120.625
34859,120.125
34859,118.1
34859,121.9
34859,28.05
34859,118.7
34859,122.95
34874,125.7
34874,128.65
34874,121.65
34874,118.7
34874,124.9
34874,121.9
34874,122.65
34874,124.9
34874,122.95
34878,123.8
34878,120.425
34878,133.4
34878,118.85
34878,119.75
34878,121.9
34878,118.5
34878,122.95
34882,124.1
34882,127.575
34882,118.1
34882,119.75
34882,140.0
34882,122.2
34882,118.7
34882,122.95
34883,124.675
34883,126.1
34883,126.1
34883,121.85
34883,32.3
34883,141.55
34883,122.35
34883,119.1
34883,122.95
34890,36.08
34890,120.875
34890,127.25
34890,126.75
34890,118.65
34890,121.9
34890,31.1
34890,25.21
34890,112.0
34890,131.375
34890,119.1
34890,122.95
34935,127.2
34935,128.45
34935,125.3
34935,121.7
34935,122.2
34935,125.3
34935,122.95
34966,135.4
34966,124.2
34966,126.65
34966,120.7
34966,121.9
34966,122.6
34966,120.7
34979,119.75
34979,119.05
34979,121.9
34979,120.9
34979,121.9
34979,120.9
34979,122.95
36076,124.8
36076,123.8
36076,120.1
36076,125.3
36076,121.7
36076,49.15
36076,122.2
36076,119.3
36076,122.95
36080,121.0
36080,126.7
36080,119.25
36080,121.9
36080,122.65
36080,118.3
36080,122.95
36087,118.2
36087,119.15
36087,127.55
36087,121.9
36087,40.2
36087,142.175
36087,122.2
36087,121.1
36087,122.95
36110,39.21
36110,124.45
36110,27.18
36110,33.835
36110,127.1
36110,119.75
36110,120.5
36110,124.75
36110,23.98
36110,37.22
36110,128.25
36113,119.2
36113,135.8
36113,124.9
36113,121.9
36113,38.885
36113,434.1
36113,122.2
36113,118.7
36113,122.95
36117,118.15
36117,134.95
36117,119.7
36117,121.9
36117,122.2
36117,118.3
36117,122.95
36137,119.2
36137,120.5
36137,118.3
36137,121.9
36137,122.45
36137,118.3
36137,122.95
36139,119.75
36139,124.65
36139,132.075
36139,121.9
36139,128.75
36139,122.95
36213,119.6
36213,134.8
36213,125.9
36213,123.9
36213,157.15
36213,898.4
36213,118.3
36213,122.95
36215,118.05
36215,118.9
36215,126.7
36215,121.9
36215,122.2
36215,119.8
36215,122.95
36216,118.4
36216,123.75
36216,119.55
36216,119.1
36216,121.9
36216,112.7
36216,23.7
36216,22.575
36216,123.65
36216,119.1
36216,122.95
36236,123.675
36236,118.725
36236,126.1
36236,123.675
36236,121.7
36236,26.81
36236,124.2
36236,122.95
36240,119.2
36240,118.0
36240,128.0
36240,118.5
36240,121.7
36240,119.9
36240,122.95
36250,119.775
36250,125.975
36250,121.35
36250,120.3
36250,121.35
36250,120.3
36253,125.35
36253,113.7
36253,118.05
36253,118.2
36253,120.9
36253,121.8
36253,34.5
36253,120.5
36253,122.95
36258,124.95
36258,119.05
36258,123.675
36258,121.9
36258,134.95
36258,122.55
36258,119.9
36258,122.95
36264,135.075
36264,133.3
36264,124.2
36264,122.5
36264,122.8
36274,33.82
36274,120.1
36274,126.95
36274,118.0
36274,124.0
36274,121.3
36274,121.7
36274,124.0
36278,123.75
36278,25.762
36278,121.85
36278,29.37
36278,23.48
36278,31.1
36278,130.0
36278,126.2
36284,121.1
36284,124.75
36284,127.3
36284,121.9
36284,30.3
36284,122.4
36284,118.3
36284,122.95
36296,25.91
36296,125.25
36296,126.75
36296,121.1
36296,121.7
36296,125.7
36296,122.95
36319,118.6
36319,127.65
36319,121.7
36319,121.3
36319,121.9
36319,27.217
36319,122.25
36319,121.3
36319,131.42
36320,118.2
36320,132.05
36320,121.2
36320,119.75
36320,120.4
36320,125.5
36320,34.46
36320,37.22
36320,122.65
36320,119.75
36320,122.95
36329,119.65
36329,134.15
36329,134.15
36329,118.25
36329,120.1
36329,121.9
36329,115.2
36329,120.1
36329,122.95
36331,125.4
36331,132.125
36331,121.8
36331,126.1
36331,34.25
36331,38.13
36331,139.6
36331,126.65
36341,28.91
36341,120.05
36341,125.025
36341,119.5
36341,119.15
36341,22.712
36341,118.925
36341,29.79
36341,122.05
36341,28.46
36341,118.5
36341,122.95
36349,126.5
36349,124.75
36349,134.8
36349,121.7
36349,124.75
36349,121.7
36349,122.2
36349,122.6
36349,122.95
36353,124.6
36353,119.45
36353,118.7
36353,121.9
36353,37.31
36353,122.45
36353,118.7
36353,122.95
36368,126.125
36368,132.05
36368,125.05
36368,121.7
36368,139.625
36368,120.3
36368,122.95
36370,49.65
36370,127.45
36370,139.3
36370,121.75
36370,125.925
36370,128.275
36370,22.78
36370,34.46
36370,31.1
36370,118.725
36370,132.4
36420,126.5
36420,27.01
36420,125.15
36420,34.25
36420,34.94
36420,37.22
36420,124.8
36439,26.68
36439,120.45
36439,27.01
36439,119.7
36439,121.8
36439,119.15
36439,38.26
36439,26.102
36439,22.845
36439,141.65
36439,134.1
36439,35.412
36439,124.45
36449,128.7
36449,119.45
36449,126.65
36449,118.7
36449,121.9
36449,122.2
36449,118.7
36449,122.95
36466,118.15
36466,126.45
36466,133.6
36466,121.7
36466,119.5
36466,122.95
36473,119.25
36473,118.25
36473,119.5
36473,125.5
36473,121.7
36473,122.2
36473,119.5
36473,122.95
36485,119.1
36485,124.9
36485,134.05
36485,121.9
36485,141.9
36485,46.9
36485,122.2
36485,118.7
36485,122.95
36487,119.4
36487,123.8
36487,126.65
36487,124.4
36487,39.22
36487,122.2
36487,118.3
36487,122.95
36503,36.08
36503,118.0
36503,128.35
36503,121.65
36503,121.9
36503,41.5
36503,30.3
36503,122.2
36503,121.2
36503,122.95
36519,122.8
36525,120.2
36525,134.425
36525,127.0
36525,49.65
36525,122.7
36598,119.4
36598,118.125
36598,118.05
36598,118.05
36598,124.0
36598,125.7
36598,121.7
36598,125.7
36598,122.95
36602,118.5
36602,119.925
36602,109.4
36602,123.05
36614,125.1
36614,134.625
36614,127.7
36614,121.8
36614,34.25
36614,31.805
36614,139.3
36614,118.2
36679,119.6
36679,119.475
36679,31.1
36679,121.85
36679,22.592
36679,37.217
36679,34.985
36679,29.352
36679,134.1
36679,133.225
37028,127.5
37028,133.15
37028,122.5
37058,125.1
37058,120.95
37058,118.0
37088,123.7
37088,124.05
37088,118.1
37098,121.0
37098,118.075
37098,119.5
37101,121.2
37101,126.55
37101,119.4
37104,122.1
37104,28.82
37104,122.1
37104,26.1
37104,23.405
37104,122.1
37136,120.7
37136,124.375
37136,121.85
37136,124.85
37136,120.7
37136,118.3
37152,118.8
37152,113.8
37152,121.7
37152,118.15
37164,119.1
37164,118.65
37164,121.8
37164,121.65
37164,118.1
37209,118.125
37209,119.8
37209,117.8
37209,121.8
37209,118.5
37227,127.5
37227,118.25
37227,130.85
37227,130.075
37227,130.35
37227,122.975
37227,121.85
37227,118.07
37227,118.15
37227,118.67
37227,118.975
37229,123.85
37229,118.455
37229,120.375
37229,121.88
37229,121.705
37229,121.95
37229,118.15
37229,118.775
37250,118.95
37250,119.25
37250,121.6
37250,121.7
37250,130.25
37250,118.3
37278,118.2
37278,121.7
37278,118.75
37336,118.6
37336,121.2
37336,131.15
37336,121.9
37336,120.575
37336,143.175
37336,118.3
37347,121.25
37347,121.1
37347,125.175
37347,123.125
37347,121.7
37347,121.9
37347,118.1
37566,136.075
37566,126.175
37566,121.825
37566,121.65
37566,120.45
37590,120.2
37590,125.35
37590,121.9
37590,118.85
37590,121.725
37590,118.375
37591,124.175
37591,129.6
37591,121.775
37591,118.7
37658,121.15
37658,136.275
37658,127.125
37658,124.35
37658,118.1
37658,121.6
37658,126.65
37658,119.25
37658,120.65
37665,123.875
37665,131.35
37665,127.75
37665,121.7
37665,121.05
37665,118.7
37726,118.575
37726,127.875
37726,121.6
37726,121.25
37726,120.5
37726,118.3
37792,126.575
37792,132.975
37792,136.125
37792,118.675
37792,128.95
37792,121.4
37792,121.75
37792,136.025
37792,127.8
37792,563.7
37792,136.275
37802,563.7
37802,123.975
37802,127.55
37802,118.025
37802,121.7
37802,123.975
37802,120.85
37850,563.7
37850,120.8
37850,127.55
37850,118.05
37850,121.7
37850,118.1
37862,129.7
37862,119.5
37862,122.45
37862,131.55
37862,132.375
37862,134.55
37862,121.9
37862,118.1
37902,121.1
37933,119.5
37933,118.3
37945,119.25
37945,120.8
37945,129.725
37945,118.7
37948,120.2
37948,121.625
37948,119.05
37974,118.75
37974,125.425
37974,123.1
37974,120.6
37997,132.7
37997,120.025
37997,120.9
37997,126.75
37997,121.9
37997,119.0
37998,126.75
37998,112.6
37998,120.5
37998,126.5
37999,23.44
37999,129.275
37999,120.475
37999,121.7
37999,118.5
38002,119.6
38002,122.825
38002,118.6
38016,120.1
38016,134.875
38016,129.925
38016,120.8
38032,36.23
38032,124.45
38032,121.75
38032,123.25
38032,118.65
38034,118.9
38034,122.225
38034,121.7
38034,120.2
38045,120.175
38045,121.85
38045,121.725
38045,121.8
38045,118.7
38052,124.35
38052,135.975
38052,120.95
38052,121.9
38052,118.275
38052,34.1
38052,118.275
38052,118.5
38053,122.1
38053,121.6
38053,119.1
38067,135.275
38067,128.175
38067,121.625
38067,131.4
38067,118.0
38152,120.53
38152,127.58
38152,122.16
38152,120.06
38152,121.91
38152,118.31
38152,119.01
38152,134.56
38260,120.5
38260,132.5
38260,121.4
38260,118.05
38260,129.2
38260,134.6
38297,128.15
38297,130.975
38297,121.6
38297,123.625
38297,138.1
38297,126.8
38297,127.4
38435,134.675
38435,121.73
38435,122.125
38435,119.8
38435,121.6
38435,118.525
38435,131.625
38435,119.4
38467,119.4
38467,124.2
38467,118.575
38467,118.2
38496,119.4
38496,118.3
38500,121.105
38500,124.305
38500,118.93
38500,118.005
38502,119.1
38502,124.15
38502,118.95
38502,121.75
38502,123.75
38502,127.9
38502,118.1
38527,136.45
38527,119.4
38527,121.9
38527,118.25
38552,118.25
38552,118.5
38552,121.7
38552,120.9
38670,120.3
38670,136.25
38670,135.575
38670,119.525
38670,121.675
38670,121.75
38670,118.7
38730,118.0
38730,125.725
38730,121.8
38730,125.95
38730,121.9
38730,121.75
38730,127.75
38730,118.1
38779,119.1
38779,123.6
38779,121.9
38779,118.1
38782,126.5
38782,119.225
38782,121.9
38782,121.1
38785,122.05
38785,119.65
38785,118.275
38785,123.175
38785,121.9
38785,131.45
38785,125.0
38785,126.1
38786,120.1
38786,119.275
38786,120.1
38804,120.5
38804,128.2
38804,121.7
38804,121.8
38804,121.9
38804,118.1
38812,119.5
38812,134.2
38812,129.2
38812,121.9
38812,121.7
38812,118.1
38821,119.225
38821,127.35
38821,121.9
38821,118.5
38832,118.1
38832,121.95
38832,118.1
38834,120.1
38834,121.9
38834,120.1
38852,121.7
38852,118.65
38854,119.5
38854,119.775
38854,128.5
38854,121.95
38854,120.5
38857,128.55
38857,121.75
38857,37.877
38857,118.8
38858,121.7
38858,121.75
38858,131.1
38945,120.3
38945,130.125
38945,118.5
38965,119.1
38965,133.1
38965,122.925
38965,118.1
38982,118.7
38982,118.2
38999,120.9
38999,128.65
38999,118.3
39147,126.0
39147,121.9
39147,119.9
39278,119.7
39278,119.3
39278,132.85
39278,121.65
39278,121.9
39278,118.8
39285,119.3
39285,126.2
39285,126.9
39285,122.0
39285,121.9
39285,118.1
39403,126.9
39403,119.3
39403,126.5
39403,120.7
39403,121.9
39403,118.1
39694,120.6
39694,127.7
39694,121.7
39694,118.65
39769,119.9
39769,115.9
39769,118.5
39780,119.75
39780,127.8
39780,118.5
39797,119.3
39797,127.9
39797,121.9
39797,118.1
39802,121.4
39802,127.7
39802,118.7
39810,118.8
39821,121.2
39821,129.6
39821,127.65
39821,122.1
39821,120.5
39821,121.0
39821,126.9
39821,118.55
39822,119.75
39822,127.7
39822,121.9
39822,118.1
39823,121.2
39823,127.7
39823,118.3
39837,121.3
39837,127.5
39837,118.5
39842,120.9
39842,127.6
39842,118.9
39852,119.5
39852,127.9
39852,122.35
39852,132.1
39852,118.1
39858,120.4
39858,120.4
39858,127.7
39858,122.1
39858,119.8
39858,121.7
39858,118.1
39858,118.6
40139,133.0
40139,133.3
40139,119.7
40139,129.8
40139,121.9
40139,121.2
40139,118.1
40211,119.8
40211,121.7
40211,126.8
40211,118.8
40394,119.9
40394,127.6
40394,121.25
40394,121.7
40394,126.9
40394,118.0
40632,126.9
40632,288.7
40632,1132.1
40632,1329.7
40632,119.35
40632,132.5
40632,121.9
40632,121.9
40632,118.1
40663,126.9
40663,1132.1
40663,119.6
40663,118.4
40680,120.2
40680,132.35
40680,128.1
40680,121.9
40680,118.0
42718,121.0
42718,118.7
42718,118.3
42718,122.95
42718,121.7
42718,128.0
42718,119.5
42718,123.0
42792,121.0
42792,121.9
42792,126.9
42792,118.0
43179,118.1
43179,342.5
43179,118.1
44012,118.1
44012,128.8
44012,121.9
44012,118.1
44173,120.7
44173,1133.9
44173,120.7
44173,120.7
44173,1133.9
44186,124.3
44186,126.6
44186,124.3
44186,118.3
44186,124.3
44329,124.3
44329,127.8
44329,128.2
44329,121.9
44329,118.7
44342,124.1
44342,127.2
44342,120.9
44342,128.2
44342,121.9
44342,122.5
44342,118.4
44510,122.3
44510,126.9
44510,121.9
44510,118.8
44617,127.85
44617,127.2
44617,121.675
44617,32.175
44617,118.5
44642,125.0
44642,126.3
44642,128.05
44642,121.65
44642,121.75
44642,124.35
44644,127.9
44644,125.4
44644,117.2
44644,126.3
44644,121.6
44644,28.03
44644,30.165
44644,25.99
44644,913.0
44644,118.2
44655,119.1
44655,123.8
44655,124.0
44655,126.2
44655,121.8
44655,121.6
44655,121.7
44655,121.9
44655,118.2
44655,124.3
44659,124.2
44659,114.1
44659,126.85
44659,121.9
44659,118.3
44673,120.0
44673,127.15
44673,126.0
44673,121.6
44673,118.6
44984,127.2
44984,121.6
44984,118.7
44986,119.7
44986,128.0
44986,121.7
44986,118.1
45007,127.3
45007,126.4
45007,118.1
45030,34.4
45030,119.0
45030,127.0
45030,118.1
45038,122.5
45038,127.0
45038,124.1
45051,128.9
45051,127.6
45051,121.9
45051,119.8
45159,121.3
45159,126.225
45159,121.7
45159,118.3
45196,120.3
45196,120.6
45196,121.9
45196,118.9
45218,124.4
45218,125.1
45218,119.2
45233,124.9
45233,131.7
45233,124.45
45233,118.35
45233,118.75
45235,118.725
45235,126.47
45235,118.375
45235,118.625
45242,124.9
45242,122.4
45242,121.875
45242,118.6
45261,121.2
45261,121.2
45261,126.8
45261,125.575
45261,121.8
45261,121.875
45261,118.4
45313,121.65
45313,124.65
45313,118.55
45313,119.65
45313,123.05
45313,125.15
45313,122.95
45313,130.6
45313,122.15
45313,123.255
45476,123.52
45476,128.2
45476,127.25
45476,131.9
45476,121.7
45476,131.7
45476,116.15
45476,133.5
45476,127.35
45476,118.7
45483,119.4
45483,125.9
45483,132.7
45483,118.7
45512,119.1
45512,119.1
45513,120.0
45513,128.225
45513,118.5
45518,120.0
45518,118.1
45524,128.85
45524,126.85
45524,121.1
45524,126.85
45524,118.525
45754,118.6
45754,119.025
45754,124.4
45754,108.2
45754,127.6
45754,32.71
45754,122.6
45754,121.9
45754,125.3
45754,118.3
45754,122.95
45829,119.1
45829,123.8
45829,118.4
45829,114.3
45829,119.4
45829,122.2
45829,121.9
45829,1133.0
45829,140.15
45829,122.55
45829,118.3
45829,122.95
46083,118.7
46083,120.5
46083,119.0
46083,121.9
46083,121.9
46083,121.6
46083,118.1
46085,124.27
46085,126.7
46085,116.1
46547,118.3
46547,127.9
46547,121.4
46547,118.3
46547,121.9
46547,118.1
47299,124.6
47299,127.2
47299,118.0
47306,121.1
47306,127.8
47306,121.8
47306,121.9
47306,118.7
47326,119.6
47326,123.5
47326,125.1
47326,127.6
47326,121.8
47326,128.5
47326,121.7
47326,118.7
47364,124.4
47364,128.25
47364,121.9
47364,121.65
47364,124.2
47364,121.85
47364,121.95
47364,120.2
47364,121.6
47364,121.75
47364,119.45
47364,118.2
47364,118.35
47373,120.25
47373,127.85
47373,121.9
47373,119.2
47373,121.6
47373,121.1
47373,118.05
47373,118.2
47382,120.1
47382,128.6
47382,121.9
47382,124.7
47382,121.6
47382,127.7
47382,118.8
47409,119.1
47409,127.2
47409,121.925
47409,119.7
47409,121.7
47409,121.275
47409,118.4
47411,126.0
47411,127.05
47411,121.8
47411,119.4
47411,121.7
47411,120.0
47411,118.2
47421,121.05
47421,121.075
47421,121.85
47421,120.0
47421,121.8
47421,125.5
47421,119.25
47421,118.85
47445,120.45
47445,128.6
47445,118.8
47445,119.5
47445,127.5
47445,121.7
47445,121.1
47445,118.1
47464,120.4
47464,126.45
47464,120.0
47464,121.7
47464,121.025
47464,118.7
47483,126.9
47483,119.1
47483,128.8
47483,121.825
47483,120.8
47483,126.0
47483,118.225
47483,121.625
47483,121.7
47483,121.975
47483,119.45
47483,124.75
47483,118.1
47483,118.575
47483,118.725
47483,124.35
47486,29.21
47486,118.3
47486,118.3
47486,128.4
47486,131.4
47486,122.1
47486,133.2
47486,34.46
47486,128.0
47486,119.0
47486,128.0
47486,134.3
47746,120.0
47746,124.1
47746,120.225
47746,133.75
47746,124.1
47746,123.5
47746,34.65
47746,27.72
47746,132.25
47746,126.5
47759,119.0
47759,126.8
47759,121.2
47759,121.65
47759,120.0
47759,118.1
47762,120.0
47762,135.7
47762,119.2
47762,126.6
47762,121.8
47762,125.5
47762,121.9
47762,133.825
47762,118.1
47780,120.8
47780,23.025
47780,121.0
47780,121.35
47780,121.4
47780,121.65
47780,118.2
47784,127.9
47784,132.125
47784,127.3
47784,127.9
47784,132.45
47784,34.65
47784,120.7
47784,122.1
47787,127.1
47787,1330.3
47787,120.0
47787,120.8
47787,126.4
47787,122.6
47787,125.15
47787,121.9
47787,118.1
47803,120.0
47803,134.0
47803,128.85
47803,134.0
47803,134.0
47803,120.65
47803,118.7
47851,126.9
47851,127.8
47851,122.075
47851,121.8
47851,118.1
47853,33.58
47853,124.2
47853,123.3
47853,118.5
47853,128.0
47853,26.6
47853,34.46
47853,31.1
47853,131.4
47853,126.2
47877,119.2
47877,127.2
47877,125.2
47877,544.75
47877,118.7
47880,119.7
47880,128.3
47880,126.4
47880,125.1
47880,544.75
47880,121.9
47880,121.7
47880,118.1
47896,122.4
47896,127.0
47896,124.0
47896,118.1
47963,127.5
47963,124.7
47963,126.6
47963,125.1
47963,121.9
47963,121.2
47963,118.5
47963,124.0
47963,121.8
47963,118.1
48031,127.2
48031,120.2
48031,120.2
48981,120.6
48981,127.6
48981,129.3
48981,121.9
48981,118.85
49011,124.9
49011,119.9
49011,127.8
49011,121.75
49011,118.6
49160,119.05
49160,127.6
49160,121.9
49160,122.5
49160,118.7
49166,119.2
49166,127.8
49166,121.8
49166,121.8
49166,122.5
49166,132.6
49166,118.45
49176,120.2
49176,127.45
49176,121.0
49176,121.9
49176,122.5
49176,118.2
49186,119.95
49186,127.8
49186,121.9
49186,118.55
49195,119.7
49195,127.65
49195,121.9
49195,122.5
49195,118.3
49200,119.65
49200,127.45
49200,121.7
49200,122.5
49200,118.7
49205,119.35
49205,127.6
49205,121.0
49205,121.65
49205,122.5
49205,118.0
49209,119.8
49209,127.75
49209,121.0
49209,121.7
49209,111.1
49209,122.5
49209,118.4
49321,127.6
49321,109.7
49321,118.2
49327,119.8
49327,127.65
49327,120.6
49327,121.9
49327,127.15
49330,120.8
49330,127.75
49330,121.1
49330,121.9
49330,122.5
49330,118.3
49541,126.3
49541,128.1
49541,132.1
49541,121.7
49541,129.7
49541,122.2
49541,121.5
49541,664.9
49541,118.1
50934,123.45
50934,119.3
50934,115.9
50934,121.9
50934,126.9
50934,1002.4
50934,118.3
50966,119.7
50966,121.2
50966,119.8
50966,121.9
50966,118.1
53096,119.5
53096,113.9
53096,119.5
53096,126.9
53096,1395.0
53096,348.8
53386,119.7
53386,121.8
53386,121.9
53386,127.1
53386,118.6
53417,129.2
53417,123.9
53417,133.3
53417,121.9
53417,118.5
54223,119.9
54223,132.2
54223,118.1
54294,119.7
54294,127.9
54294,118.5
54294,121.9
54294,664.9
54294,118.1
54393,120.6
54393,127.0
54393,121.9
54393,118.1
55126,119.2
55126,545.1
55126,831.5
55126,553.5
55126,118.1
55174,119.1
55174,127.9
55174,121.9
55174,130.6
55174,118.7
55342,120.1
55342,132.95
55342,119.5
55342,120.1
55342,121.9
55342,130.1
55342,118.4
56497,121.0
56497,127.85
56497,121.9
56497,118.5
56501,121.3
56501,127.6
56501,121.85
56501,118.4
56552,119.4
56552,125.8
56552,126.4
56552,121.9
56552,25.28
56552,139.9
56552,122.2
56552,132.05
56552,123.0
56562,119.8
56562,121.6
56562,118.3
56602,136.3
56602,118.55
56702,132.1
56702,121.9
56702,123.1
56702,121.6
56702,120.9
56703,118.7
56704,119.6
56704,131.8
56704,24.02
56704,25.0
56704,118.3
56706,128.95
56706,118.7
57496,131.6
57496,129.8
57496,120.8
57496,121.7
57496,119.4
57501,124.6
57501,128.3
57501,120.7
57501,118.7
57510,132.2
57510,132.8
57510,133.1
57510,133.4
57510,124.6
57510,30.935
57510,121.7
57510,30.955
57510,120.15
57510,34.707
57510,30.99
57510,26.295
57510,118.1
57518,122.0
57518,118.3
57542,129.3
57542,126.8
57542,119.2
57542,121.7
57542,120.8
57542,119.2
57554,126.0
57554,119.5
57554,119.0
57554,128.0
57665,127.2
57665,132.8
57665,119.0
57665,128.0
57684,125.2
57684,124.875
57684,131.8
57684,127.875
57684,120.3
57684,119.3
57748,127.8
57748,121.7
57748,126.4
57748,124.0
57748,118.3
57748,126.0
57780,126.7
57780,130.275
57780,118.05
57780,131.775
57780,124.675
57780,119.65
57791,124.7
57791,127.2
57791,119.0
57791,131.625
57791,120.8
57801,118.1
57801,119.0
57801,127.6
57801,118.1
57815,126.0
57815,128.7
57815,128.0
57824,120.9
57824,124.8
57824,121.8
57824,125.5
57860,129.8
57860,127.3
57860,121.7
57860,120.3
57860,118.1
57911,125.9
57911,128.85
57911,121.7
57911,126.675
57911,125.25
57911,118.3
57943,127.7
57943,118.3
57943,121.9
57952,127.5
57952,127.4
57952,121.7
57952,128.3
57952,122.0
57952,118.5
58007,121.2
58007,124.6
58007,126.2
58007,118.5
58007,129.375
58007,118.3
58007,119.0
58007,119.7
63842,125.9
63842,127.8
63842,120.0
63842,119.0
63842,118.7
63842,120.0
63951,123.5
63951,118.7
63951,121.7
63951,120.0
63980,125.2
63980,126.8
63980,129.4
63980,119.4
63980,121.7
63980,120.4
63994,120.6
63994,128.3
63994,123.75
63994,119.0
63994,129.15
63994,127.875
63994,127.7
63994,130.6
63994,118.6
63996,119.3
63996,123.7
63996,125.125
63996,119.0
63996,127.875
63996,118.1
63996,120.7
64022,122.3
64022,125.875
64022,120.45
64022,126.0
64022,118.3
64037,126.8
64037,121.7
64037,119.4
64037,120.3
64064,124.8
64064,119.0
64064,131.7
64064,120.9
64064,120.9
64071,124.6
64071,134.9
64071,119.0
64071,131.6
64071,126.875
64071,128.0
64071,118.2
64364,120.5
64364,127.9
64364,126.4
64364,121.85
64364,121.9
64364,1008.4
64364,119.3
64364,118.1
64374,119.7
64374,126.6
64374,118.1
64399,120.9
64399,127.2
64399,121.9
64399,118.7
64413,121.7
64413,119.85
64420,127.5
64420,123.8
64420,127.25
64420,118.0
64422,124.3
64422,129.95
64422,118.5
64666,119.3
64666,120.575
64666,132.35
64666,133.75
64666,127.9
64666,132.45
64666,126.4
64666,121.9
64666,132.45
64666,127.3
64666,118.1
64784,121.3
64784,127.4
64784,121.8
64784,294.7
64784,118.3
64785,122.4
64785,119.1
64785,119.5
64785,128.2
64785,127.05
64785,120.6
64785,129.9
64785,123.8
64785,121.5
64785,121.6
64785,122.55
64785,121.3
64785,133.7
64785,118.2
64785,118.4
64814,119.7
64814,124.35
64830,126.35
64830,120.9
64830,124.55
64830,126.4
64830,121.95
64830,121.625
64830,121.9
64830,118.1
64830,118.25
64830,118.75
64879,126.3
64879,126.4
64879,121.725
64879,118.0
64919,120.6
64919,127.0
64919,121.9
64919,292.3
64919,118.1
64955,121.25
64955,128.675
64955,121.82
64955,121.65
64955,124.35
64960,119.75
64960,126.2
64960,121.75
64960,118.8
64961,127.0
64961,122.95
64967,120.25
64967,125.55
64967,126.47
64967,120.95
64967,128.35
64967,129.7
64967,121.62
64967,121.62
64967,121.85
64967,118.45
64974,118.9
64974,127.9
64974,127.45
64974,125.7
64974,121.9
64974,118.1
64988,125.9
64988,119.6
64988,126.6
64988,1128.5
64988,118.1
65006,119.7
65006,121.6
65006,118.1
65083,119.4
65083,125.5
65083,126.4
65083,125.95
65083,121.9
65083,118.1
65091,127.8
65091,121.65
65091,121.75
65091,121.95
65091,119.0
65091,118.2
65096,129.6
65096,127.2
65096,121.9
65096,118.1
65129,124.7
65129,128.0
65129,121.9
65129,118.1
65163,125.3
65163,121.6
65163,125.0
65167,125.1
65167,121.9
65167,118.2
65178,125.5
65178,128.0
65178,121.9
65178,118.7
65209,119.2
65209,121.725
65209,118.6
65252,119.7
65252,128.4
65252,121.9
65252,118.1
65385,119.4
65385,126.25
65385,295.6
65385,118.1
65408,119.7
65408,126.2
65408,118.8
65408,8.88
65408,119.3
65408,118.1
65422,119.1
65422,128.8
65422,295.6
65422,118.1
65446,122.4
65504,128.2
65504,123.2
65504,125.1
65504,119.15
65504,123.55
65504,124.0
65504,118.1
65504,118.3
65580,121.3
65580,126.8
65580,121.9
65580,118.7
65714,119.75
65714,125.45
65714,126.85
65714,121.95
65714,129.7
65714,121.6
65714,129.8
65714,118.75
65727,126.3
65727,118.6
65753,124.0
65753,127.25
65753,118.3
65798,119.45
65798,126.45
65798,128.05
65798,126.0
65798,135.25
65798,121.65
65798,122.275
65798,118.5
65798,118.8
65798,119.8
66034,120.3
66034,119.3
66034,128.6
66034,121.65
66034,124.3
66034,118.6
66558,124.35
66558,113.2
66558,118.6
66558,125.7
66558,121.7
66558,120.5
67488,132.0
67488,114.1
67488,127.2
67488,118.9
67488,121.7
67488,120.5
67680,118.2
67680,124.2
67680,116.4
67680,134.5
67680,126.1
67680,121.7
67680,120.5
67741,123.6
67741,123.8
67741,118.55
67741,118.7
67741,135.25
67741,121.7
67741,897.4
67741,120.5
67837,124.5
67837,125.9
67837,127.45
67837,116.7
67837,121.7
67837,118.7
67889,135.1
67889,126.25
67889,133.8
67889,123.0
67889,121.7
67889,1123.5
67889,120.5
68592,119.6
68592,119.7
68592,120.6
68592,121.1
68592,126.1
68592,127.75
68592,127.6
68592,121.6
68592,121.7
68592,121.7
68592,121.9
68592,118.5
68592,118.6
68592,124.3
68593,126.1
68593,119.0
68593,126.5
68593,122.25
68593,122.7
68593,127.225
68593,128.4
68593,121.975
68593,121.625
68593,118.825
68593,118.375
68604,126.25
68604,121.65
68604,118.1
68615,118.2
68615,126.4
68615,121.75
68615,118.2
68615,118.425
68615,118.875
68615,130.0
68624,118.25
68633,120.4
68633,128.6
68633,121.95
68633,121.75
68633,118.1
68634,119.65
68634,128.8
68634,121.75
68634,118.55
68638,126.45
68638,121.65
68638,118.0
68642,121.75
68642,130.0
68647,120.35
68647,127.45
68647,127.95
68647,121.65
68647,118.45
68654,128.45
68654,121.75
68654,130.0
68657,126.6
68657,121.65
68657,122.7
68669,119.15
68669,127.65
68669,121.65
68669,118.6
68671,118.15
68696,119.6
68696,127.45
68696,121.6
68696,128.65
68696,121.8
68696,124.3
68737,123.7
68737,129.0
68762,124.22
68762,128.45
68762,121.85
68762,118.1
68762,118.85
68766,121.35
68766,126.25
68766,121.7
68766,118.25
68772,119.45
68772,126.4
68772,121.9
68772,118.45
68774,125.55
68774,126.05
68774,127.25
68774,121.75
68774,118.3
68777,127.05
68777,118.55
68783,121.85
68783,118.35
68784,119.25
68784,126.25
68784,121.7
68784,118.85
68786,119.75
68786,120.3
68786,121.3
68786,123.8
68786,127.85
68786,121.95
68786,121.65
68786,121.8
68786,118.4
68786,118.8
68786,124.35
68790,119.75
68790,120.3
68790,121.3
68790,123.8
68790,132.25
68790,121.75
68790,121.6
68790,118.1
68811,125.2
68811,126.4
68811,121.75
68811,118.2
68816,126.05
68816,127.05
68816,121.6
68816,118.3
68836,119.7
68836,125.6
68836,128.6
68836,121.85
68836,123.0
68909,126.7
68909,121.65
68909,118.1
68920,127.4
68920,118.7
68935,123.85
68935,126.65
68935,118.25
68937,119.825
68937,127.45
68937,118.1
